﻿<parameters>
  <parameter name="IIS Web Application Name" defaultValue="mybeerapp.zip" tags="IisApp">
    <parameterEntry kind="ProviderPath" scope="IisApp" match="^C:\\Users\\Chris\\documents\\visual\ studio\ 2012\\Projects\\MyBeerApp\\MyBeerApp\\obj\\Release\\Package\\PackageTmp$" />
    <parameterEntry kind="ProviderPath" scope="setAcl" match="^C:\\Users\\Chris\\documents\\visual\ studio\ 2012\\Projects\\MyBeerApp\\MyBeerApp\\obj\\Release\\Package\\PackageTmp$" />
  </parameter>
  <parameter name="Add write permission to App_Data Folder" description="Add write permission to App_Data folder" defaultValue="{IIS Web Application Name}/App_Data" tags="Hidden">
    <parameterEntry kind="ProviderPath" scope="setAcl" match="^C:\\Users\\Chris\\documents\\visual\ studio\ 2012\\Projects\\MyBeerApp\\MyBeerApp\\obj\\Release\\Package\\PackageTmp\\App_Data$" />
  </parameter>
  <parameter name="BeerConnectionString-Web.config Connection String" defaultValue="Data Source=(LocalDB)\v11.0;AttachDbFilename=|DataDirectory|\Beer.mdf;Integrated Security=True;Connect Timeout=30">
    <parameterEntry kind="XmlFile" scope="C:\\Users\\Chris\\documents\\visual\ studio\ 2012\\Projects\\MyBeerApp\\MyBeerApp\\obj\\Release\\Package\\PackageTmp\\Web\.config$" match="/configuration/connectionStrings/add[@name='BeerConnectionString']/@connectionString" />
  </parameter>
  <parameter name="DefaultConnection-Web.config Connection String" defaultValue="Data Source=(LocalDb)\v11.0;Initial Catalog=aspnet-MyBeerApp-20130209141110;Integrated Security=SSPI;AttachDBFilename=|DataDirectory|\aspnet-MyBeerApp-20130209141110.mdf">
    <parameterEntry kind="XmlFile" scope="C:\\Users\\Chris\\documents\\visual\ studio\ 2012\\Projects\\MyBeerApp\\MyBeerApp\\obj\\Release\\Package\\PackageTmp\\Web\.config$" match="/configuration/connectionStrings/add[@name='DefaultConnection']/@connectionString" />
  </parameter>
</parameters>